<?xml version="1.0" encoding="ISO-8859-1" ?>
<?xml-stylesheet type="text/xsl" href="drcss.xsl"?>
<drcreport>
  <header>top</header>
  <drc>
    <status>C:\Microsemi\Libero_SoC_v11.8\Designer/data/drcreport\error.png</status>
    <StatusMessage>Error</StatusMessage>
    <message>Undriven Pin</message>
    <detail>Unconnected input pin controller_0:fifo_empty</detail>
    <crossprobe>liberoaction://cross_probe/smartdesign/top/pins/controller_0:fifo_empty</crossprobe>
  </drc>
  <drc>
    <status>C:\Microsemi\Libero_SoC_v11.8\Designer/data/drcreport\warn.png</status>
    <StatusMessage>Warning</StatusMessage>
    <message>Floating Driver</message>
    <detail>Floating output pin fifoWStatus_0:EMPTY</detail>
    <crossprobe>liberoaction://cross_probe/smartdesign/top/pins/fifoWStatus_0:EMPTY</crossprobe>
  </drc>
</drcreport>
